"","Candidate","Vote Share","Vote Total","District","State"
"1","R Winner B. Byrne (i)","Uncontested",NA,1,"alabama"
"2","R Winner M. Roby (i)","54.6%","134,450",2,"alabama"
"3","D N. Mathis","45.4%","111,640",2,"alabama"
"4","R Winner M. Rogers (i)","67.1%","190,724",3,"alabama"
"5","D J. Smith","32.9%","93,567",3,"alabama"
"6","R Winner R. Aderholt (i)","Uncontested",NA,4,"alabama"
"7","R Winner M. Brooks (i)","66.8%","204,791",5,"alabama"
"8","D W. Boyd","33.2%","101,577",5,"alabama"
"9","R Winner G. Palmer (i)","74.8%","240,897",6,"alabama"
"10","D D. Putman","25.2%","81,296",6,"alabama"
"11","D Winner T. Sewell (i)","Uncontested",NA,7,"alabama"
"12","R Winner D. Young (i)","50.5%","125,729",1,"alaska"
"13","D S. Lindbeck","36.5%","90,784",1,"alaska"
"14","L J. McDermott","10.1%","25,104",1,"alaska"
"15","N B. Souphanavong","2.9%","7,158",1,"alaska"
"16","D Winner T. O'Halleran","50.8%","117,048",1,"arizona"
"17","R P. Babeu","43.5%","100,236",1,"arizona"
"18","G R. Parrish","5.7%","13,122",1,"arizona"
"19","R Winner M. McSally (i)","56.7%","157,677",2,"arizona"
"20","D M. Heinz","43.3%","120,572",2,"arizona"
"21","D Winner R. Grijalva (i)","Uncontested",NA,3,"arizona"
"22","R Winner P. Gosar (i)","71.5%","171,901",4,"arizona"
"23","D M. Weisser","28.5%","68,460",4,"arizona"
"24","R Winner A. Biggs","63.1%","157,980",5,"arizona"
"25","D T. Fuentes","36.9%","92,225",5,"arizona"
"26","R Winner D. Schweikert (i)","61.6%","158,978",6,"arizona"
"27","D J. Williamson","38.4%","99,008",6,"arizona"
"28","D Winner R. Gallego (i)","74.6%","88,219",7,"arizona"
"29","R E. Nunez","25.4%","30,040",7,"arizona"
"30","R Winner T. Franks (i)","68.6%","165,593",8,"arizona"
"31","G M. Salazar","31.4%","75,963",8,"arizona"
"32","D Winner K. Sinema (i)","61.1%","132,281",9,"arizona"
"33","R D. Giles","38.9%","84,137",9,"arizona"
"34","R Winner R. Crawford (i)","76.5%","183,068",1,"arkansas"
"35","L M. West","23.5%","56,200",1,"arkansas"
"36","R Winner F. Hill (i)","58.4%","176,100",2,"arkansas"
"37","D D. Curry","36.8%","111,049",2,"arkansas"
"38","L C. Hayes","4.7%","14,287",2,"arkansas"
"39","R Winner S. Womack (i)","77.3%","214,268",3,"arkansas"
"40","L S. Isaacson","22.7%","62,793",3,"arkansas"
"41","R Winner B. Westerman (i)","74.9%","181,921",4,"arkansas"
"42","L K. Hicks","25.1%","60,969",4,"arkansas"
"43","R Winner D. La Malfa (i)","59.5%","164,907",1,"california"
"44","D J. Reed","40.5%","112,183",1,"california"
"45","D Winner J. Huffman (i)","77.1%","177,724",2,"california"
"46","R D. Mensing","22.9%","52,818",2,"california"
"47","D Winner J. Garamendi (i)","58.2%","127,623",3,"california"
"48","R E. Cleek","41.8%","91,544",3,"california"
"49","R Winner T. McClintock (i)","62.8%","196,613",4,"california"
"50","D R. Derlet","37.2%","116,541",4,"california"
"51","D Winner M. Thompson (i)","77.2%","172,810",5,"california"
"52","R C. Santamaria","22.8%","51,098",5,"california"
"53","D Winner D. Matsui (i)","75.2%","145,704",6,"california"
"54","R R. Evans","24.8%","47,926",6,"california"
"55","D Winner A. Bera (i)","51.2%","129,064",7,"california"
"56","R S. Jones","48.8%","123,056",7,"california"
"57","R Winner P. Cook (i)","62.7%","129,690",8,"california"
"58","D R. Ramirez","37.3%","76,999",8,"california"
"59","D Winner J. McNerney (i)","57.6%","106,256",9,"california"
"60","R T. Amador","42.4%","78,121",9,"california"
"61","R Winner J. Denham (i)","52.4%","110,659",10,"california"
"62","D M. Eggman","47.6%","100,646",10,"california"
"63","D Winner M. DeSaulnier (i)","71.8%","194,345",11,"california"
"64","R R. Petersen","28.2%","76,473",11,"california"
"65","D Winner N. Pelosi (i)","81.0%","250,378",12,"california"
"66","O P. Picus","19.0%","58,577",12,"california"
"67","D Winner B. Lee (i)","90.7%","277,390",13,"california"
"68","R S. Caro","9.3%","28,413",13,"california"
"69","D Winner J. Speier (i)","80.9%","213,612",14,"california"
"70","R A. Cardenas","19.1%","50,485",14,"california"
"71","D Winner E. Swalwell (i)","73.8%","188,179",15,"california"
"72","R D. Turner","26.2%","66,959",15,"california"
"73","D Winner J. Costa (i)","57.8%","72,111",16,"california"
"74","R J. Tacherra","42.2%","52,570",16,"california"
"75","D Winner R. Khanna","61.1%","135,607",17,"california"
"76","D M. Honda (i)","38.9%","86,505",17,"california"
"77","D Winner A. Eshoo (i)","71.2%","220,139",18,"california"
"78","R R. Fox","28.8%","88,907",18,"california"
"79","D Winner Z. Lofgren (i)","74.0%","171,688",19,"california"
"80","R B. Lancaster","26.0%","60,420",19,"california"
"81","D Winner J. Panetta","70.6%","144,870",20,"california"
"82","R C. Lucius","29.4%","60,324",20,"california"
"83","R Winner D. Valadao (i)","58.0%","68,481",21,"california"
"84","D E. Huerta","42.0%","49,643",21,"california"
"85","R Winner D. Nunes (i)","68.2%","143,333",22,"california"
"86","D L. Campos","31.8%","66,802",22,"california"
"87","R Winner K. McCarthy (i)","70.0%","151,346",23,"california"
"88","D W. Reed","30.0%","64,842",23,"california"
"89","D Winner S. Carbajal","53.2%","155,492",24,"california"
"90","R J. Fareed","46.8%","136,532",24,"california"
"91","R Winner S. Knight (i)","54.2%","112,768",25,"california"
"92","D B. Caforio","45.8%","95,296",25,"california"
"93","D Winner J. Brownley (i)","59.9%","148,550",26,"california"
"94","R R. Dagnesses","40.1%","99,597",26,"california"
"95","D Winner J. Chu (i)","66.5%","133,766",27,"california"
"96","R J. Orswell","33.5%","67,421",27,"california"
"97","D Winner A. Schiff (i)","77.9%","168,082",28,"california"
"98","R L. Solis","22.1%","47,619",28,"california"
"99","D Winner T. Cardenas (i)","75.2%","98,879",29,"california"
"100","D R. Alarcon","24.8%","32,656",29,"california"
"101","D Winner B. Sherman (i)","72.4%","159,974",30,"california"
"102","R M. Reed","27.6%","60,865",30,"california"
"103","D Winner P. Aguilar (i)","55.7%","111,870",31,"california"
"104","R P. Chabot","44.3%","89,070",31,"california"
"105","D Winner G. Napolitano (i)","62.4%","93,059",32,"california"
"106","D R. Hernandez","37.6%","56,050",32,"california"
"107","D Winner T. Lieu (i)","66.3%","173,778",33,"california"
"108","R K. Wright","33.7%","88,507",33,"california"
"109","D Winner X. Becerra (i)","78.2%","97,305",34,"california"
"110","D A. Edwards","21.8%","27,091",34,"california"
"111","D Winner N. Torres (i)","71.8%","109,767",35,"california"
"112","R T. Fischella","28.2%","43,189",35,"california"
"113","D Winner R. Ruiz (i)","61.4%","132,252",36,"california"
"114","R J. Stone","38.6%","83,049",36,"california"
"115","D Winner K. Bass (i)","82.0%","150,535",37,"california"
"116","D C. Wiggins","18.0%","33,082",37,"california"
"117","D Winner L. Sanchez (i)","69.7%","131,099",38,"california"
"118","R R. Downing","30.3%","56,883",38,"california"
"119","R Winner E. Royce (i)","57.7%","138,907",39,"california"
"120","D B. Murdock","42.3%","101,651",39,"california"
"121","D Winner L. Roybal-Allard (i)","71.9%","82,789",40,"california"
"122","O R. Gonzalez","28.1%","32,404",40,"california"
"123","D Winner M. Takano (i)","64.4%","115,859",41,"california"
"124","R D. Shepherd","35.6%","64,153",41,"california"
"125","R Winner K. Calvert (i)","59.0%","139,915",42,"california"
"126","D T. Sheridan","41.0%","97,123",42,"california"
"127","D Winner M. Waters (i)","75.6%","128,551",43,"california"
"128","R O. Navarro","24.4%","41,507",43,"california"
"129","D Winner N. Barragan","51.1%","70,303",44,"california"
"130","D I. Hall","48.9%","67,177",44,"california"
"131","R Winner M. Walters (i)","59.0%","171,736",45,"california"
"132","D R. Varasteh","41.0%","119,521",45,"california"
"133","D Winner L. Correa","69.9%","103,475",46,"california"
"134","D B. Nguyen","30.1%","44,652",46,"california"
"135","D Winner A. Lowenthal (i)","62.5%","127,832",47,"california"
"136","R A. Whallon","37.5%","76,670",47,"california"
"137","R Winner D. Rohrabacher (i)","58.5%","165,987",48,"california"
"138","D S. Savary","41.5%","117,716",48,"california"
"139","RWinner  D. Issa (i)","51.0%","134,428",49,"california"
"140","D D. Applegate","49.0%","129,100",49,"california"
"141","R Winner D. Hunter (i)","63.9%","148,880",50,"california"
"142","D P. Malloy","36.1%","84,142",50,"california"
"143","D Winner J. Vargas (i)","71.9%","108,932",51,"california"
"144","R J. Hidalgo","28.1%","42,676",51,"california"
"145","D Winner S. Peters (i)","56.4%","148,651",52,"california"
"146","R D. Gitsham","43.6%","115,013",52,"california"
"147","D Winner S. Davis (i)","66.1%","151,269",53,"california"
"148","R J. Veltmeyer","33.9%","77,436",53,"california"
"149","D Winner D. DeGette (i)","67.8%","189,837",1,"colorado"
"150","R C. Stockham","28.4%","79,561",1,"colorado"
"151","L D. Dinges","3.8%","10,549",1,"colorado"
"152","D Winner J. Polis (i)","56.8%","251,988",2,"colorado"
"153","R N. Morse","37.4%","166,020",2,"colorado"
"154","L R. Longstreth","5.8%","25,858",2,"colorado"
"155","R Winner S. Tipton (i)","54.6%","191,917",3,"colorado"
"156","D G. Schwartz","40.6%","142,794",3,"colorado"
"157","L G. Kent","4.8%","16,996",3,"colorado"
"158","R Winner K. Buck (i)","63.8%","241,424",4,"colorado"
"159","D B. Seay","31.5%","119,249",4,"colorado"
"160","L B. Griffith","4.7%","17,925",4,"colorado"
"161","R Winner D. Lamborn (i)","62.4%","222,169",5,"colorado"
"162","D M. Plowright","30.8%","109,573",5,"colorado"
"163","L M. McRedmond","6.8%","24,320",5,"colorado"
"164","R Winner M. Coffman (i)","51.3%","180,727",6,"colorado"
"165","D M. Carroll","42.4%","149,417",6,"colorado"
"166","L N. Olsen","4.9%","17,102",6,"colorado"
"167","G R. Worthey","1.4%","5,038",6,"colorado"
"168","D Winner E. Perlmutter (i)","55.2%","185,208",7,"colorado"
"169","R G. Athanasopoulos","40.0%","134,244",7,"colorado"
"170","L M. Buchanan","4.7%","15,831",7,"colorado"
"171","D Winner J. Larson (i)","63.6%","193,040",1,"connecticut"
"172","R M. Corey","34.3%","104,214",1,"connecticut"
"173","G M. DeRosa","2.1%","6,283",1,"connecticut"
"174","D Winner J. Courtney (i)","63.0%","207,584",2,"connecticut"
"175","R D. Novak","33.9%","111,587",2,"connecticut"
"176","G J. Pelto","1.6%","5,332",2,"connecticut"
"177","L D. Reale","1.5%","5,016",2,"connecticut"
"178","D Winner R. DeLauro (i)","68.7%","208,900",3,"connecticut"
"179","R A. Cadena","31.3%","95,370",3,"connecticut"
"180","D Winner J. Himes (i)","60.1%","185,928",4,"connecticut"
"181","R J. Shaban","39.9%","123,630",4,"connecticut"
"182","D Winner E. Esty (i)","57.9%","174,788",5,"connecticut"
"183","R C. Cope","42.1%","126,842",5,"connecticut"
"184","D Winner L. Rochester","55.5%","233,542",1,"delaware"
"185","R H. Reigle","41.0%","172,290",1,"delaware"
"186","G M. Perri","2.0%","8,325",1,"delaware"
"187","L S. Gesty","1.5%","6,436",1,"delaware"
"188","R Winner M. Gaetz","69.1%","254,280",1,"florida"
"189","D S. Specht","30.9%","113,586",1,"florida"
"190","R Winner N. Dunn","67.3%","230,838",2,"florida"
"191","D W. Dartland","29.9%","102,596",2,"florida"
"192","L R. Lapham","2.7%","9,384",2,"florida"
"193","R Winner T. Yoho (i)","56.6%","193,261",3,"florida"
"194","D K. McGurn","39.7%","135,688",3,"florida"
"195","N T. Wells","3.6%","12,438",3,"florida"
"196","R Winner J. Rutherford","70.2%","286,018",4,"florida"
"197","D D. Bruderly","27.6%","112,253",4,"florida"
"198","N G. Koniz","2.2%","8,990",4,"florida"
"199","D Winner A. Lawson","64.2%","193,430",5,"florida"
"200","R G. Smith","35.8%","107,784",5,"florida"
"201","R Winner R. DeSantis (i)","58.6%","213,180",6,"florida"
"202","D B. McCullough","41.4%","150,677",6,"florida"
"203","D Winner S. Murphy","51.5%","181,758",7,"florida"
"204","R J. Mica (i)","48.5%","171,412",7,"florida"
"205","R Winner B. Posey (i)","63.1%","246,257",8,"florida"
"206","D C. Westbrook","32.5%","126,962",8,"florida"
"207","N B. Stinson","4.3%","16,924",8,"florida"
"208","D Winner D. Soto","57.5%","194,963",9,"florida"
"209","R W. Liebnitzky","42.5%","144,281",9,"florida"
"210","D Winner V. Demings","64.9%","198,309",10,"florida"
"211","R T. Lowe","35.1%","107,423",10,"florida"
"212","R Winner D. Webster (i)","65.4%","257,881",11,"florida"
"213","D D. Koller","31.6%","124,599",11,"florida"
"214","N B. Riggs","3.0%","11,961",11,"florida"
"215","R Winner G. Bilirakis (i)","68.6%","253,347",12,"florida"
"216","D R. Tager","31.4%","115,909",12,"florida"
"217","D Winner C. Crist","51.9%","184,371",13,"florida"
"218","R D. Jolly (i)","48.1%","170,964",13,"florida"
"219","D Winner K. Castor (i)","61.8%","194,851",14,"florida"
"220","R C. Quinn","38.2%","120,584",14,"florida"
"221","R Winner D. Ross (i)","57.5%","182,498",15,"florida"
"222","D J. Lange","42.5%","134,945",15,"florida"
"223","R Winner V. Buchanan (i)","59.8%","230,187",16,"florida"
"224","D J. Schneider","40.2%","154,854",16,"florida"
"225","R Winner T. Rooney (i)","61.8%","209,135",17,"florida"
"226","D A. Freeman","34.2%","115,801",17,"florida"
"227","N J. Sawyer","3.9%","13,336",17,"florida"
"228","R Winner B. Mast","53.6%","201,011",18,"florida"
"229","D R. Perkins","43.0%","161,328",18,"florida"
"230","N C. Spalding","3.3%","12,451",18,"florida"
"231","R Winner F. Rooney","65.9%","238,975",19,"florida"
"232","D R. Neeld","34.1%","123,625",19,"florida"
"233","D Winner A. Hastings (i)","80.3%","220,452",20,"florida"
"234","R G. Stein","19.7%","54,079",20,"florida"
"235","D Winner L. Frankel (i)","62.7%","208,999",21,"florida"
"236","R P. Spain","35.2%","117,273",21,"florida"
"237","N M. Trout","2.1%","7,148",21,"florida"
"238","D Winner T. Deutch (i)","58.9%","197,396",22,"florida"
"239","R A. McGee","41.1%","137,691",22,"florida"
"240","D Winner D. Wasserman Schultz (i)","56.7%","180,979",23,"florida"
"241","R J. Kaufman","40.5%","129,400",23,"florida"
"242","N D. Endriss","1.6%","5,100",23,"florida"
"243","N L. Milstein","1.2%","3,835",23,"florida"
"244","D Winner F. Wilson (i)","Uncontested",NA,24,"florida"
"245","R Winner M. Diaz-Balart (i)","62.4%","157,748",25,"florida"
"246","D A. Valdes","37.6%","95,008",25,"florida"
"247","R Winner C. Curbelo (i)","53.0%","148,445",26,"florida"
"248","D J. Garcia","41.2%","115,348",26,"florida"
"249","N J. Peixoto","5.9%","16,491",26,"florida"
"250","R Winner I. Ros-Lehtinen (i)","54.9%","157,763",27,"florida"
"251","D S. Fuhrman","45.1%","129,548",27,"florida"
"252","R Winner B. Carter (i)","Uncontested",NA,1,"georgia"
"253","D Winner S. Bishop (i)","61.0%","146,284",2,"georgia"
"254","R G. Duke","39.0%","93,392",2,"georgia"
"255","R Winner D. Ferguson","68.4%","206,930",3,"georgia"
"256","D A. Pendley","31.6%","95,736",3,"georgia"
"257","D Winner H. Johnson (i)","75.6%","214,278",4,"georgia"
"258","R V. Armendariz","24.4%","69,075",4,"georgia"
"259","D Winner J. Lewis (i)","84.6%","241,773",5,"georgia"
"260","R D. Bell","15.4%","44,032",5,"georgia"
"261","R Winner T. Price (i)","61.6%","191,792",6,"georgia"
"262","D R. Stooksbury","38.4%","119,536",6,"georgia"
"263","R Winner R. Woodall (i)","60.5%","173,638",7,"georgia"
"264","D R. Malik","39.5%","113,593",7,"georgia"
"265","R Winner A. Scott (i)","67.7%","171,529",8,"georgia"
"266","D J. Harris","32.3%","81,903",8,"georgia"
"267","R Winner D. Collins (i)","Uncontested",NA,9,"georgia"
"268","R Winner J. Hice (i)","Uncontested",NA,10,"georgia"
"269","R Winner B. Loudermilk (i)","67.5%","216,772",11,"georgia"
"270","D D. Wilson","32.5%","104,401",11,"georgia"
"271","R Winner R. Allen (i)","61.6%","158,705",12,"georgia"
"272","D T. McCracken","38.4%","98,870",12,"georgia"
"273","D Winner D. Scott (i)","Uncontested",NA,13,"georgia"
"274","R Winner T. Graves (i)","Uncontested",NA,14,"georgia"
"275","D Winner C. Hanabusa","71.9%","135,069",1,"hawaii"
"276","R S. Ostrov","22.7%","42,569",1,"hawaii"
"277","L A. Yim","3.3%","6,127",1,"hawaii"
"278","O C. Griffin","2.2%","4,040",1,"hawaii"
"279","D Winner T. Gabbard (i)","81.1%","163,484",2,"hawaii"
"280","R A. Kaaihue","18.9%","38,098",2,"hawaii"
"281","R Winner R. Labrador (i)","68.0%","236,397",1,"idaho"
"282","D J. Piotrowski","32.0%","111,035",1,"idaho"
"283","R Winner M. Simpson (i)","63.0%","208,887",2,"idaho"
"284","D J. Martinez","29.3%","97,250",2,"idaho"
"285","C A. Tomkins","7.7%","25,575",2,"idaho"
"286","D Winner B. Rush (i)","73.4%","221,551",1,"illinois"
"287","R A. Deuser","26.6%","80,161",1,"illinois"
"288","D Winner R. Kelly (i)","79.6%","229,184",2,"illinois"
"289","R J. Morrow","20.4%","58,788",2,"illinois"
"290","D Winner D. Lipinski (i)","Uncontested",NA,3,"illinois"
"291","D Winner L. Gutierrez (i)","Uncontested",NA,4,"illinois"
"292","D Winner M. Quigley (i)","67.6%","201,983",5,"illinois"
"293","R V. Kolber","27.8%","82,931",5,"illinois"
"294","G R. Sherman","4.6%","13,867",5,"illinois"
"295","R Winner P. Roskam (i)","59.5%","205,746",6,"illinois"
"296","D A. Howland","40.5%","140,023",6,"illinois"
"297","D Winner D. Davis (i)","84.0%","232,322",7,"illinois"
"298","R J. Leef","16.0%","44,242",7,"illinois"
"299","D Winner R. Krishnamoorthi","58.1%","141,138",8,"illinois"
"300","R P. DiCianni","41.9%","101,893",8,"illinois"
"301","D Winner J. Schakowsky (i)","65.8%","203,834",9,"illinois"
"302","R J. McCarthy Lasonde","34.2%","105,920",9,"illinois"
"303","D Winner B. Schneider","52.5%","147,299",10,"illinois"
"304","R R. Dold (i)","47.5%","133,383",10,"illinois"
"305","D Winner B. Foster (i)","59.9%","157,659",11,"illinois"
"306","R T. Khouri","40.1%","105,762",11,"illinois"
"307","R Winner M. Bost (i)","54.3%","169,233",12,"illinois"
"308","D C. Baricevic","39.7%","123,754",12,"illinois"
"309","G P. Bradshaw","6.0%","18,713",12,"illinois"
"310","R Winner R. Davis (i)","59.7%","186,791",13,"illinois"
"311","D M. Wicklund","40.3%","125,932",13,"illinois"
"312","R Winner R. Hultgren (i)","59.6%","197,962",14,"illinois"
"313","D J. Walz","40.4%","134,362",14,"illinois"
"314","R Winner J. Shimkus (i)","Uncontested",NA,15,"illinois"
"315","R Winner A. Kinzinger (i)","Uncontested",NA,16,"illinois"
"316","D Winner C. Bustos (i)","60.1%","170,746",17,"illinois"
"317","R P. Harlan","39.9%","113,141",17,"illinois"
"318","R Winner D. LaHood (i)","72.2%","248,701",18,"illinois"
"319","D J. Rodriguez","27.8%","95,741",18,"illinois"
"320","D Winner P. Visclosky (i)","81.5%","207,299",1,"indiana"
"321","L D. Dunn","18.5%","47,009",1,"indiana"
"322","R Winner J. Walorski (i)","59.3%","164,276",2,"indiana"
"323","D L. Coleman","36.9%","102,332",2,"indiana"
"324","L R. Cenkush","3.8%","10,594",2,"indiana"
"325","R Winner J. Banks","70.1%","201,216",3,"indiana"
"326","D T. Schrader","23.0%","65,908",3,"indiana"
"327","L P. Snyder","6.9%","19,782",3,"indiana"
"328","R Winner T. Rokita (i)","64.6%","193,272",4,"indiana"
"329","D J. Dale","30.5%","91,153",4,"indiana"
"330","L S. Mayoras","4.9%","14,758",4,"indiana"
"331","R Winner S. Brooks (i)","61.5%","221,785",5,"indiana"
"332","D A. Demaree","34.3%","123,791",5,"indiana"
"333","L M. Wittlief","4.2%","15,324",5,"indiana"
"334","R Winner L. Messer (i)","69.1%","204,844",6,"indiana"
"335","D B. Welsh","26.7%","79,075",6,"indiana"
"336","L R. Turvey","4.2%","12,325",6,"indiana"
"337","D Winner A. Carson (i)","60.0%","158,606",7,"indiana"
"338","R C. Ping","35.7%","94,396",7,"indiana"
"339","L D. Thompson","4.3%","11,470",7,"indiana"
"340","R Winner L. Bucshon (i)","63.7%","187,569",8,"indiana"
"341","D R. Drake","31.6%","93,130",8,"indiana"
"342","L A. Horning","4.6%","13,630",8,"indiana"
"343","R Winner T. Hollingsworth","54.1%","174,698",9,"indiana"
"344","D S. Yoder","40.5%","130,539",9,"indiana"
"345","L R. Brooksbank","5.4%","17,417",9,"indiana"
"346","R Winner R. Blum (i)","53.9%","206,273",1,"iowa"
"347","D M. Vernon","46.1%","176,447",1,"iowa"
"348","D Winner D. Loebsack (i)","53.7%","197,802",2,"iowa"
"349","R C. Peters","46.3%","170,529",2,"iowa"
"350","R Winner D. Young (i)","53.5%","208,264",3,"iowa"
"351","D J. Mowrer","39.8%","154,780",3,"iowa"
"352","L B. Holder","3.9%","15,337",3,"iowa"
"353","P C. Addy","1.6%","6,335",3,"iowa"
"354","P J. Grandanette","1.2%","4,511",3,"iowa"
"355","R Winner S. King (i)","61.4%","225,842",4,"iowa"
"356","D K. Weaver","38.6%","142,018",4,"iowa"
"357","R Winner R. Marshall","66.2%","166,051",1,"kansas"
"358","I A. LaPolice","26.4%","66,218",1,"kansas"
"359","L K. Burt","7.3%","18,415",1,"kansas"
"360","R Winner L. Jenkins (i)","61.1%","177,851",2,"kansas"
"361","D B. Potter","32.5%","94,561",2,"kansas"
"362","L J. Bales","6.4%","18,700",2,"kansas"
"363","R Winner K. Yoder (i)","51.3%","171,647",3,"kansas"
"364","D J. Sidie","40.6%","135,778",3,"kansas"
"365","L S. Hohe","8.0%","26,897",3,"kansas"
"366","R Winner M. Pompeo (i)","61.0%","163,406",4,"kansas"
"367","D D. Giroux","29.4%","78,822",4,"kansas"
"368","I M. Allen","6.8%","18,358",4,"kansas"
"369","L G. Bakken","2.8%","7,420",4,"kansas"
"370","R Winner J. Comer","72.6%","216,957",1,"kentucky"
"371","D S. Gaskins","27.4%","81,710",1,"kentucky"
"372","R Winner B. Guthrie (i)","Uncontested",NA,2,"kentucky"
"373","D Winner J. Yarmuth (i)","63.5%","212,388",3,"kentucky"
"374","R H. Bratcher","36.5%","122,085",3,"kentucky"
"375","O E. Corley","0.0%","0",3,"kentucky"
"376","R Winner T. Massie (i)","71.3%","233,922",4,"kentucky"
"377","D C. Sidle","28.7%","94,064",4,"kentucky"
"378","R Winner H. Rogers (i)","Uncontested",NA,5,"kentucky"
"379","R Winner A. Barr (i)","61.1%","202,094",6,"kentucky"
"380","D N. Kemper","38.9%","128,725",6,"kentucky"
"381","R Winner S. Scalise (i)","74.6%","243,575",1,"louisiana"
"382","D L. Dugas","12.8%","41,816",1,"louisiana"
"383","D D. Faust","3.9%","12,698",1,"louisiana"
"384","L H. Kearney","2.9%","9,395",1,"louisiana"
"385","D J. Swider","2.8%","9,231",1,"louisiana"
"386","G E. Barron","2.1%","6,712",1,"louisiana"
"387","N C. Yang","1.0%","3,233",1,"louisiana"
"388","D Winner C. Richmond (i)","69.8%","198,169",2,"louisiana"
"389","D K. Holden","20.1%","57,083",2,"louisiana"
"390","D K. Cutno","10.1%","28,826",2,"louisiana"
"391","R Winner* S. Angelle","28.5%","91,374",3,"louisiana"
"392","R Winner* C. Higgins","26.5%","84,809",3,"louisiana"
"393","D J. Hebert","8.9%","28,358",3,"louisiana"
"394","D L. Rader","8.7%","27,807",3,"louisiana"
"395","R G. Rantz","8.0%","25,640",3,"louisiana"
"396","R G. Ellison","7.8%","24,845",3,"louisiana"
"397","R B. Geymann","6.8%","21,606",3,"louisiana"
"398","R B. Barrilleaux","1.9%","6,215",3,"louisiana"
"399","L G. McLendon","0.9%","2,934",3,"louisiana"
"400","R G. Rees","0.8%","2,455",3,"louisiana"
"401","N K. Scelfo","0.8%","2,667",3,"louisiana"
"402","R H. Vidrine","0.4%","1,354",3,"louisiana"
"403","D Winner* M. Jones","28.2%","80,558",4,"louisiana"
"404","R Winner* M. Johnson","24.7%","70,556",4,"louisiana"
"405","R T. Baucum","17.6%","50,395",4,"louisiana"
"406","R O. Jenkins","15.6%","44,500",4,"louisiana"
"407","R E. Guillory","7.3%","21,011",4,"louisiana"
"408","R R. John","4.6%","13,215",4,"louisiana"
"409","N M. Halverson","1.1%","3,145",4,"louisiana"
"410","N K. Krefft","0.9%","2,492",4,"louisiana"
"411","R Winner R. Abraham (i)","81.6%","208,504",5,"louisiana"
"412","R B. Burkette","18.4%","47,106",5,"louisiana"
"413","R Winner G. Graves (i)","62.7%","207,453",6,"louisiana"
"414","D R. Lieberman","14.9%","49,352",6,"louisiana"
"415","R B. Bell","10.1%","33,585",6,"louisiana"
"416","D J. Sampson","9.0%","29,809",6,"louisiana"
"417","L R. Fontanesi","2.3%","7,598",6,"louisiana"
"418","O D. Graham","1.0%","3,215",6,"louisiana"
"419","D Winner C. Pingree (i)","57.9%","225,428",1,"maine"
"420","R M. Holbrook","42.1%","164,048",1,"maine"
"421","R Winner B. Poliquin (i)","54.9%","192,285",2,"maine"
"422","D E. Cain","45.1%","157,862",2,"maine"
"423","R Winner A. Harris (i)","67.8%","229,135",1,"maryland"
"424","D J. Werner","28.0%","94,776",1,"maryland"
"425","L M. Beers","4.2%","14,207",1,"maryland"
"426","D Winner D. Ruppersberger (i)","62.2%","172,324",2,"maryland"
"427","R P. McDonough","33.3%","92,099",2,"maryland"
"428","L K. Kasprzak","4.5%","12,530",2,"maryland"
"429","D Winner J. Sarbanes (i)","62.8%","194,362",3,"maryland"
"430","R M. Plaster","34.5%","106,627",3,"maryland"
"431","G N. Eze","2.7%","8,430",3,"maryland"
"432","D Winner A. Brown","74.1%","218,215",4,"maryland"
"433","R G. McDermott","21.6%","63,674",4,"maryland"
"434","G K. Clark","2.5%","7,357",4,"maryland"
"435","L B. Krause","1.8%","5,274",4,"maryland"
"436","D Winner S. Hoyer (i)","67.3%","223,582",5,"maryland"
"437","R M. Arness","29.7%","98,768",5,"maryland"
"438","L J. Summers","3.0%","10,033",5,"maryland"
"439","D Winner J. Delaney (i)","55.4%","167,229",6,"maryland"
"440","R A. Hoeber","40.9%","123,611",6,"maryland"
"441","L D. Howser","2.1%","6,216",6,"maryland"
"442","G G. Gluck","1.7%","4,997",6,"maryland"
"443","D Winner E. Cummings (i)","75.1%","211,962",7,"maryland"
"444","R C. Vaughn","21.9%","61,854",7,"maryland"
"445","G M. Hoenig","3.0%","8,428",7,"maryland"
"446","D Winner J. Raskin","59.3%","191,671",8,"maryland"
"447","R D. Cox","35.6%","115,200",8,"maryland"
"448","G N. Wallace","3.0%","9,761",8,"maryland"
"449","L J. Wunder","2.0%","6,540",8,"maryland"
"450","D Winner R. Neal (i)","73.4%","233,310",1,"massachusetts"
"451","I F. Mayock","18.0%","57,226",1,"massachusetts"
"452","L T. Simmons","8.6%","27,427",1,"massachusetts"
"453","D Winner J. McGovern (i)","Uncontested",NA,2,"massachusetts"
"454","D Winner N. Tsongas (i)","68.7%","234,361",3,"massachusetts"
"455","R A. Wofford","31.3%","106,882",3,"massachusetts"
"456","D Winner J. Kennedy (i)","70.0%","261,356",4,"massachusetts"
"457","R D. Rosa","30.0%","111,890",4,"massachusetts"
"458","D Winner K. Clark (i)","Uncontested",NA,5,"massachusetts"
"459","D Winner S. Moulton (i)","Uncontested",NA,6,"massachusetts"
"460","D Winner M. Capuano (i)","Uncontested",NA,7,"massachusetts"
"461","D Winner S. Lynch (i)","72.4%","267,944",8,"massachusetts"
"462","R W. Burke","27.6%","102,146",8,"massachusetts"
"463","D Winner B. Keating (i)","55.7%","209,911",9,"massachusetts"
"464","R M. Alliegro","33.8%","127,199",9,"massachusetts"
"465","I P. Harrington","6.9%","26,086",9,"massachusetts"
"466","U C. Cataldo","2.2%","8,266",9,"massachusetts"
"467","U A. Raduc","1.4%","5,261",9,"massachusetts"
"468","R Winner J. Bergman","55.3%","201,153",1,"michigan"
"469","D L. Johnson","39.7%","144,319",1,"michigan"
"470","L D. Bostow","3.7%","13,385",1,"michigan"
"471","G E. Boal","1.3%","4,773",1,"michigan"
"472","R Winner B. Huizenga (i)","62.7%","213,095",2,"michigan"
"473","D D. Murphy","32.4%","110,077",2,"michigan"
"474","L E. Haas","2.4%","8,166",2,"michigan"
"475","G M. Brady","1.6%","5,362",2,"michigan"
"476","U R. Graeser","0.9%","2,898",2,"michigan"
"477","R Winner J. Amash (i)","59.4%","203,069",3,"michigan"
"478","D D. Smith","37.5%","128,159",3,"michigan"
"479","U T. Gerrard","3.0%","10,374",3,"michigan"
"480","R Winner J. Moolenaar (i)","61.6%","194,569",4,"michigan"
"481","D D. Wirth","32.1%","101,275",4,"michigan"
"482","L L. Schwartz","2.7%","8,514",4,"michigan"
"483","U G. Zimmer","1.8%","5,595",4,"michigan"
"484","G J. Salvi","1.3%","3,953",4,"michigan"
"485","N K. Butkovich","0.6%","1,838",4,"michigan"
"486","D Winner D. Kildee (i)","61.2%","195,076",5,"michigan"
"487","R A. Hardwick","35.1%","111,908",5,"michigan"
"488","L S. Sluka","2.2%","6,999",5,"michigan"
"489","G H. Mikkelson","1.5%","4,894",5,"michigan"
"490","R Winner F. Upton (i)","58.6%","192,862",6,"michigan"
"491","D P. Clements","36.4%","119,871",6,"michigan"
"492","L L. Wenke","4.9%","16,239",6,"michigan"
"493","R Winner T. Walberg (i)","55.0%","183,549",7,"michigan"
"494","D G. Driskell","40.1%","133,697",7,"michigan"
"495","L K. Proctor","4.9%","16,402",7,"michigan"
"496","R Winner M. Bishop (i)","56.0%","205,617",8,"michigan"
"497","D S. Shkreli","39.2%","143,775",8,"michigan"
"498","L J. Wood","2.6%","9,615",8,"michigan"
"499","G M. Green","1.5%","5,677",8,"michigan"
"500","N J. Burgess","0.6%","2,250",8,"michigan"
"501","D Winner S. Levin (i)","57.9%","199,620",9,"michigan"
"502","R C. Morse","37.4%","128,907",9,"michigan"
"503","L M. Orlando","2.8%","9,562",9,"michigan"
"504","G J. McDermott","1.9%","6,612",9,"michigan"
"505","R Winner P. Mitchell","63.0%","214,164",10,"michigan"
"506","D F. Accavitti","32.3%","109,875",10,"michigan"
"507","L L. Gioia","3.1%","10,582",10,"michigan"
"508","G B. Nofs","1.5%","5,113",10,"michigan"
"509","R Winner D. Trott (i)","52.9%","200,787",11,"michigan"
"510","D A. Kumar","40.2%","152,359",11,"michigan"
"511","I K. Bentivolio","4.4%","16,597",11,"michigan"
"512","L J. Osment","2.5%","9,535",11,"michigan"
"513","D Winner D. Dingell (i)","64.4%","210,922",12,"michigan"
"514","R J. Jones","29.2%","95,823",12,"michigan"
"515","O G. Walkowicz","2.8%","9,177",12,"michigan"
"516","L T. Bagwell","2.3%","7,478",12,"michigan"
"517","G D. Calewarts","1.3%","4,370",12,"michigan"
"518","D Winner J. Conyers (i)","77.0%","197,173",13,"michigan"
"519","R J. Gorman","15.8%","40,483",13,"michigan"
"520","L T. Hayden","3.7%","9,600",13,"michigan"
"521","O S. Johnson","3.4%","8,778",13,"michigan"
"522","D Winner B. Lawrence (i)","78.5%","244,220",14,"michigan"
"523","R H. Klausner","18.7%","58,111",14,"michigan"
"524","L G. Creswell","1.6%","4,898",14,"michigan"
"525","G M. Squier","1.2%","3,851",14,"michigan"
"526","D Winner T. Walz (i)","50.4%","169,076",1,"minnesota"
"527","R J. Hagedorn","49.6%","166,527",1,"minnesota"
"528","R Winner J. Lewis","47.0%","174,030",2,"minnesota"
"529","D A. Craig","45.2%","167,071",2,"minnesota"
"530","I P. Overby","7.8%","28,845",2,"minnesota"
"531","R Winner E. Paulsen (i)","56.9%","223,075",3,"minnesota"
"532","D T. Bonoff","43.1%","169,238",3,"minnesota"
"533","D Winner B. McCollum (i)","57.8%","202,558",4,"minnesota"
"534","R G. Ryan","34.5%","120,871",4,"minnesota"
"535","O S. Pendergast Sindt","7.7%","27,109",4,"minnesota"
"536","D Winner K. Ellison (i)","69.2%","249,957",5,"minnesota"
"537","R F. Drake","22.3%","80,660",5,"minnesota"
"538","O D. Schuller","8.5%","30,759",5,"minnesota"
"539","R Winner T. Emmer (i)","65.7%","235,384",6,"minnesota"
"540","D D. Snyder","34.3%","123,012",6,"minnesota"
"541","D Winner C. Peterson (i)","52.5%","173,571",7,"minnesota"
"542","R D. Hughes","47.5%","156,950",7,"minnesota"
"543","D Winner R. Nolan (i)","50.3%","179,106",8,"minnesota"
"544","R S. Mills","49.7%","177,095",8,"minnesota"
"545","R Winner T. Kelly (i)","68.8%","203,142",1,"mississippi"
"546","D J. Owens","27.8%","82,133",1,"mississippi"
"547","L C. Wilson","2.1%","6,070",1,"mississippi"
"548","R C. Toole","1.3%","3,742",1,"mississippi"
"549","D Winner B. Thompson (i)","66.8%","181,108",2,"mississippi"
"550","R J. Bouie","29.4%","79,773",2,"mississippi"
"551","I T. Ray","2.4%","6,622",2,"mississippi"
"552","R J. McLeod","1.3%","3,623",2,"mississippi"
"553","R Winner G. Harper (i)","66.3%","201,280",3,"mississippi"
"554","D D. Quinn","30.3%","91,992",3,"mississippi"
"555","O R. Gerrard","2.8%","8,434",3,"mississippi"
"556","R L. Sheets","0.7%","2,020",3,"mississippi"
"557","R Winner S. Palazzo (i)","65.2%","174,783",4,"mississippi"
"558","D M. Gladney","27.7%","74,176",4,"mississippi"
"559","L R. McCluskey","5.3%","14,212",4,"mississippi"
"560","R S. O'Hara","1.9%","5,063",4,"mississippi"
"561","D Winner L. Clay (i)","75.5%","231,604",1,"missouri"
"562","R S. Bailey","20.0%","61,252",1,"missouri"
"563","L R. Cunningham","4.5%","13,954",1,"missouri"
"564","R Winner A. Wagner (i)","58.6%","238,826",2,"missouri"
"565","D B. Otto","37.6%","153,331",2,"missouri"
"566","L J. Higgins","2.9%","11,621",2,"missouri"
"567","G D. Arnold","0.9%","3,839",2,"missouri"
"568","R Winner B. Luetkemeyer (i)","67.8%","248,880",3,"missouri"
"569","D K. Miller","27.9%","102,484",3,"missouri"
"570","L D. Hogan","3.2%","11,906",3,"missouri"
"571","C D. Simmons","1.0%","3,586",3,"missouri"
"572","R Winner V. Hartzler (i)","67.8%","225,034",4,"missouri"
"573","D G. Christensen","27.8%","92,385",4,"missouri"
"574","L M. Bliss","4.3%","14,355",4,"missouri"
"575","D Winner E. Cleaver (i)","58.4%","185,494",5,"missouri"
"576","R J. Turk","38.5%","122,367",5,"missouri"
"577","L R. Welborn","3.0%","9,594",5,"missouri"
"578","R Winner S. Graves (i)","68.1%","236,938",6,"missouri"
"579","D D. Blackwell","28.3%","98,588",6,"missouri"
"580","L R. Monchil","2.3%","8,051",6,"missouri"
"581","G M. Diel","1.2%","4,202",6,"missouri"
"582","R Winner B. Long (i)","67.6%","228,001",7,"missouri"
"583","D G. Williams","27.4%","92,390",7,"missouri"
"584","L B. Brixey","5.1%","17,076",7,"missouri"
"585","R Winner J. Smith (i)","74.4%","229,648",8,"missouri"
"586","D D. Cowell","22.7%","69,949",8,"missouri"
"587","L J. Shell","2.9%","9,059",8,"missouri"
"588","R Winner R. Zinke (i)","56.3%","280,472",1,"montana"
"589","D D. Juneau","40.5%","201,758",1,"montana"
"590","L R. Breckenridge","3.2%","15,949",1,"montana"
"591","R Winner J. Fortenberry (i)","69.6%","187,258",1,"nebraska"
"592","D D. Wik","30.4%","81,939",1,"nebraska"
"593","R Winner D. Bacon","49.4%","134,291",2,"nebraska"
"594","D B. Ashford (i)","47.3%","128,739",2,"nebraska"
"595","L S. Laird","3.3%","9,057",2,"nebraska"
"596","R Winner A. Smith (i)","Uncontested",NA,3,"nebraska"
"597","D Winner D. Titus (i)","61.8%","116,045",1,"nevada"
"598","R M. Perry","28.8%","54,053",1,"nevada"
"599","N R. D'Silva","7.4%","13,806",1,"nevada"
"600","I K. Bakari","2.0%","3,722",1,"nevada"
"601","R Winner M. Amodei (i)","58.3%","182,452",2,"nevada"
"602","D C. Evans","36.9%","115,395",2,"nevada"
"603","I J. Everhart","2.8%","8,660",2,"nevada"
"604","N D. Knight","2.0%","6,204",2,"nevada"
"605","D Winner J. Rosen","47.2%","146,653",3,"nevada"
"606","R D. Tarkanian","46.0%","142,726",3,"nevada"
"607","I W. Markowitz","3.7%","11,580",3,"nevada"
"608","N D. Goossen","3.1%","9,551",3,"nevada"
"609","D Winner R. Kihuen","48.5%","128,680",4,"nevada"
"610","R C. Hardy (i)","44.5%","118,220",4,"nevada"
"611","L S. Brown","3.8%","10,184",4,"nevada"
"612","I M. Little","3.1%","8,307",4,"nevada"
"613","D Winner C. Shea-Porter","44.2%","161,828",1,"new-hampshire"
"614","R F. Guinta (i)","42.9%","157,011",1,"new-hampshire"
"615","I S. O'Connor","9.4%","34,612",1,"new-hampshire"
"616","L R. Lombardo","1.9%","6,842",1,"new-hampshire"
"617","I B. Kelly","1.7%","6,046",1,"new-hampshire"
"618","D Winner A. Kuster (i)","49.8%","174,386",2,"new-hampshire"
"619","R J. Lawrence","45.4%","158,960",2,"new-hampshire"
"620","I J. Babiarz","4.8%","16,843",2,"new-hampshire"
"621","D Winner D. Norcross (i)","59.8%","178,655",1,"new-jersey"
"622","R B. Patterson","36.9%","110,235",1,"new-jersey"
"623","I S. Tomaszewski","1.8%","5,365",1,"new-jersey"
"624","L W. Sihr","0.8%","2,352",1,"new-jersey"
"625","I M. Berman","0.6%","1,916",1,"new-jersey"
"626","R Winner F. LoBiondo (i)","59.4%","167,816",2,"new-jersey"
"627","D D. Cole","37.1%","104,726",2,"new-jersey"
"628","L J. Ordille","1.3%","3,562",2,"new-jersey"
"629","I J. Keenan","0.9%","2,490",2,"new-jersey"
"630","I E. Beechwood","0.5%","1,322",2,"new-jersey"
"631","I S. Fenichel","0.5%","1,460",2,"new-jersey"
"632","I G. Franco","0.4%","1,159",2,"new-jersey"
"633","R Winner T. MacArthur (i)","59.5%","177,522",3,"new-jersey"
"634","D F. LaVergne","38.6%","115,212",3,"new-jersey"
"635","C L. Berlinski","1.9%","5,541",3,"new-jersey"
"636","R Winner C. Smith (i)","63.7%","206,137",4,"new-jersey"
"637","D L. Phillipson","33.5%","108,373",4,"new-jersey"
"638","I H. Schroeder","1.8%","5,684",4,"new-jersey"
"639","L J. Marcus","1.0%","3,168",4,"new-jersey"
"640","D Winner J. Gottheimer","50.5%","156,863",5,"new-jersey"
"641","R S. Garrett (i)","47.2%","146,643",5,"new-jersey"
"642","L C. Belusic","2.2%","6,890",5,"new-jersey"
"643","D Winner F. Pallone (i)","63.0%","150,971",6,"new-jersey"
"644","R B. Sonnek-Schmelz","35.7%","85,613",6,"new-jersey"
"645","G R. Malliah","0.7%","1,695",6,"new-jersey"
"646","L J. Shamy","0.6%","1,536",6,"new-jersey"
"647","R Winner L. Lance (i)","54.2%","184,309",7,"new-jersey"
"648","D P. Jacob","43.0%","146,350",7,"new-jersey"
"649","L D. O'Neill","1.5%","5,252",7,"new-jersey"
"650","I A. Haussmann","1.2%","4,208",7,"new-jersey"
"651","D Winner A. Sires (i)","76.9%","124,381",8,"new-jersey"
"652","R A. Khan","18.6%","30,085",8,"new-jersey"
"653","I P. Olivera","2.5%","4,102",8,"new-jersey"
"654","L D. Delaney","1.9%","3,114",8,"new-jersey"
"655","D Winner B. Pascrell (i)","69.6%","151,823",9,"new-jersey"
"656","R H. Castillo","28.1%","61,384",9,"new-jersey"
"657","L D. Rivera","1.4%","3,082",9,"new-jersey"
"658","I J. Boss","0.8%","1,819",9,"new-jersey"
"659","D Winner D. Payne Jr. (i)","85.6%","181,591",10,"new-jersey"
"660","R D. Pinckney","12.0%","25,452",10,"new-jersey"
"661","I J. Miller","1.6%","3,448",10,"new-jersey"
"662","I A. Fraser","0.8%","1,636",10,"new-jersey"
"663","R Winner R. Frelinghuysen (i)","58.2%","192,538",11,"new-jersey"
"664","D J. Wenzel","38.7%","128,232",11,"new-jersey"
"665","I T. Depasquale","2.1%","6,914",11,"new-jersey"
"666","L J. Hetrick","1.0%","3,420",11,"new-jersey"
"667","D Winner B. Watson Coleman (i)","62.6%","162,383",12,"new-jersey"
"668","R S. Uccio","32.3%","83,633",12,"new-jersey"
"669","I E. Forchion","2.1%","5,437",12,"new-jersey"
"670","I R. Shapiro","1.0%","2,501",12,"new-jersey"
"671","L T. Fitzpatrick","0.9%","2,215",12,"new-jersey"
"672","G S. Welzer","0.7%","1,873",12,"new-jersey"
"673","I M. Bollentin","0.4%","1,154",12,"new-jersey"
"674","D Winner M. Lujan Grisham (i)","65.1%","179,380",1,"new-mexico"
"675","R R. Priem","34.9%","96,061",1,"new-mexico"
"676","R Winner S. Pearce (i)","62.8%","142,499",2,"new-mexico"
"677","D M. Soules","37.2%","84,514",2,"new-mexico"
"678","D Winner B. Lujan (i)","62.5%","167,848",3,"new-mexico"
"679","R M. Romero","37.5%","100,529",3,"new-mexico"
"680","R Winner L. Zeldin (i)","59.0%","174,682",1,"new-york"
"681","D A. Throne-Holst","41.0%","121,640",1,"new-york"
"682","R Winner P. King (i)","62.4%","171,915",2,"new-york"
"683","D D. Gregory","37.6%","103,643",2,"new-york"
"684","D Winner T. Suozzi","52.4%","156,315",3,"new-york"
"685","R J. Martins","47.6%","142,023",3,"new-york"
"686","D Winner K. Rice (i)","59.4%","173,796",4,"new-york"
"687","R D. Gurfein","40.6%","118,821",4,"new-york"
"688","D Winner G. Meeks (i)","85.5%","184,179",5,"new-york"
"689","R M. O'Reilly","13.0%","28,030",5,"new-york"
"690","G F. Francois","1.5%","3,269",5,"new-york"
"691","D Winner G. Meng (i)","71.9%","126,018",6,"new-york"
"692","R D. Maio","27.0%","47,278",6,"new-york"
"693","O H. Bhatti","1.1%","1,979",6,"new-york"
"694","D Winner N. Velazquez (i)","90.7%","158,972",7,"new-york"
"695","R A. Romaguera","9.3%","16,255",7,"new-york"
"696","D Winner H. Jeffries (i)","93.2%","199,747",8,"new-york"
"697","C D. Cavanagh","6.8%","14,468",8,"new-york"
"698","D Winner Y. Clarke (i)","92.3%","200,266",9,"new-york"
"699","C A. Bellone","7.7%","16,617",9,"new-york"
"700","D Winner J. Nadler (i)","77.5%","170,286",10,"new-york"
"701","R P. Rosenthal","22.5%","49,530",10,"new-york"
"702","R Winner D. Donovan (i)","62.2%","134,366",11,"new-york"
"703","D R. Reichard","36.1%","78,066",11,"new-york"
"704","G H. Bardel","1.7%","3,607",11,"new-york"
"705","D Winner C. Maloney (i)","83.0%","219,165",12,"new-york"
"706","R R. Ardini","17.0%","44,981",12,"new-york"
"707","D Winner A. Espaillat","88.8%","187,382",13,"new-york"
"708","R T. Evans","6.9%","14,501",13,"new-york"
"709","G D. Vila Rivera","3.5%","7,448",13,"new-york"
"710","O S. Fenstermaker","0.8%","1,714",13,"new-york"
"711","D Winner J. Crowley (i)","82.6%","134,603",14,"new-york"
"712","R F. Spotorno","17.4%","28,332",14,"new-york"
"713","D Winner J. Serrano (i)","95.2%","150,058",15,"new-york"
"714","R A. Vega","3.6%","5,606",15,"new-york"
"715","C E. Ramirez","1.2%","1,899",15,"new-york"
"716","D Winner E. Engel (i)","94.7%","192,671",16,"new-york"
"717","O D. Lawrence","5.3%","10,840",16,"new-york"
"718","D Winner N. Lowey (i)","Uncontested",NA,17,"new-york"
"719","D Winner S. Maloney (i)","55.2%","149,056",18,"new-york"
"720","R P. Oliva","44.8%","120,967",18,"new-york"
"721","R Winner J. Faso","54.7%","153,143",19,"new-york"
"722","D Z. Teachout","45.3%","126,641",19,"new-york"
"723","D Winner P. Tonko (i)","67.6%","195,005",20,"new-york"
"724","R J. Vitollo","32.4%","93,407",20,"new-york"
"725","R Winner E. Stefanik (i)","66.1%","164,212",21,"new-york"
"726","D M. Derrick","29.3%","72,637",21,"new-york"
"727","G M. Funiciello","4.6%","11,394",21,"new-york"
"728","R Winner C. Tenney","47.0%","120,777",22,"new-york"
"729","D K. Myers","40.4%","103,955",22,"new-york"
"730","R M. Babinec","12.6%","32,303",22,"new-york"
"731","R Winner T. Reed (i)","58.1%","149,779",23,"new-york"
"732","D J. Plumb","41.9%","107,822",23,"new-york"
"733","R Winner J. Katko (i)","61.0%","170,532",24,"new-york"
"734","D C. Deacon","39.0%","108,928",24,"new-york"
"735","D Winner L. Slaughter (i)","55.8%","169,199",25,"new-york"
"736","R M. Assini","44.2%","134,285",25,"new-york"
"737","D Winner B. Higgins (i)","74.4%","193,518",26,"new-york"
"738","R S. Schratz","25.6%","66,688",26,"new-york"
"739","R Winner C. Collins (i)","67.7%","207,510",27,"new-york"
"740","D D. Kastenbaum","32.3%","99,222",27,"new-york"
"741","D Winner G. Butterfield (i)","68.6%","237,938",1,"north-carolina"
"742","R H. Dew","29.0%","100,633",1,"north-carolina"
"743","L J. Summerell","2.4%","8,259",1,"north-carolina"
"744","R Winner G. Holding (i)","56.7%","219,342",2,"north-carolina"
"745","D J. McNeil","43.3%","167,299",2,"north-carolina"
"746","R Winner W. Jones (i)","67.4%","214,850",3,"north-carolina"
"747","D E. Reeves","32.6%","104,007",3,"north-carolina"
"748","D Winner D. Price (i)","68.2%","275,501",4,"north-carolina"
"749","R S. Googe","31.8%","128,331",4,"north-carolina"
"750","R Winner V. Foxx (i)","58.5%","204,943",5,"north-carolina"
"751","D J. Brannon","41.5%","145,597",5,"north-carolina"
"752","R Winner M. Walker (i)","59.3%","205,973",6,"north-carolina"
"753","D P. Glidewell","40.7%","141,480",6,"north-carolina"
"754","R Winner D. Rouzer (i)","61.0%","209,933",7,"north-carolina"
"755","D J. Casteen","39.0%","134,344",7,"north-carolina"
"756","R Winner R. Hudson (i)","58.8%","187,909",8,"north-carolina"
"757","D T. Mills","41.2%","131,428",8,"north-carolina"
"758","R Winner R. Pittenger (i)","58.3%","191,660",9,"north-carolina"
"759","D C. Cano","41.7%","137,335",9,"north-carolina"
"760","R Winner P. McHenry (i)","63.2%","219,589",10,"north-carolina"
"761","D A. Millard","36.8%","128,114",10,"north-carolina"
"762","R Winner M. Meadows (i)","64.2%","229,130",11,"north-carolina"
"763","D R. Bryson","35.8%","127,972",11,"north-carolina"
"764","D Winner A. Adams (i)","67.0%","232,451",12,"north-carolina"
"765","R L. Threatt","33.0%","114,242",12,"north-carolina"
"766","R Winner T. Budd","56.1%","196,736",13,"north-carolina"
"767","D B. Davis","43.9%","153,691",13,"north-carolina"
"768","R Winner K. Cramer (i)","69.2%","233,245",1,"north-dakota"
"769","D C. Iron Eyes","23.8%","80,186",1,"north-dakota"
"770","L J. Seaman","7.0%","23,454",1,"north-dakota"
"771","R Winner S. Chabot (i)","59.6%","205,283",1,"ohio"
"772","D M. Young","40.4%","139,279",1,"ohio"
"773","R Winner B. Wenstrup (i)","66.6%","215,265",2,"ohio"
"774","D W. Smith","33.4%","107,859",2,"ohio"
"775","D Winner J. Beatty (i)","68.3%","189,536",3,"ohio"
"776","R J. Adams","31.7%","88,040",3,"ohio"
"777","R Winner J. Jordan (i)","68.1%","205,669",4,"ohio"
"778","D J. Garrett","31.9%","96,334",4,"ohio"
"779","R Winner B. Latta (i)","71.0%","240,036",5,"ohio"
"780","D J. Neu","29.0%","98,045",5,"ohio"
"781","R Winner B. Johnson (i)","70.6%","209,177",6,"ohio"
"782","D M. Lorentz","29.4%","86,938",6,"ohio"
"783","R Winner B. Gibbs (i)","64.1%","194,146",7,"ohio"
"784","D R. Rich","28.9%","87,602",7,"ohio"
"785","I D. Phillip","7.0%","21,062",7,"ohio"
"786","R Winner W. Davidson (i)","69.0%","219,453",8,"ohio"
"787","D S. Fought","26.8%","85,313",8,"ohio"
"788","G D. Hendricks","4.2%","13,371",8,"ohio"
"789","D Winner M. Kaptur (i)","68.5%","187,926",9,"ohio"
"790","R D. Larson","31.5%","86,311",9,"ohio"
"791","R Winner M. Turner (i)","64.4%","210,256",10,"ohio"
"792","D R. Klepinger","32.4%","105,947",10,"ohio"
"793","I T. McMasters","3.2%","10,463",10,"ohio"
"794","D Winner M. Fudge (i)","80.1%","233,285",11,"ohio"
"795","R B. Goldstein","19.9%","58,066",11,"ohio"
"796","R Winner P. Tiberi (i)","66.6%","243,970",12,"ohio"
"797","D E. Albertson","29.9%","109,455",12,"ohio"
"798","G J. Manchik","3.5%","12,848",12,"ohio"
"799","D Winner T. Ryan (i)","67.6%","203,430",13,"ohio"
"800","R R. Morckel","32.4%","97,312",13,"ohio"
"801","R Winner D. Joyce (i)","62.7%","214,618",14,"ohio"
"802","D M. Wager","37.3%","127,547",14,"ohio"
"803","R Winner S. Stivers (i)","66.2%","216,186",15,"ohio"
"804","D S. Wharton","33.8%","110,272",15,"ohio"
"805","R Winner J. Renacci (i)","65.4%","221,495",16,"ohio"
"806","D K. Mundy","34.6%","117,296",16,"ohio"
"807","R Winner J. Bridenstine (i)","Uncontested",NA,1,"oklahoma"
"808","R Winner M. Mullin (i)","70.6%","189,612",2,"oklahoma"
"809","D J. Harris-Till","23.2%","62,307",2,"oklahoma"
"810","I J. McCarthy","6.2%","16,618",2,"oklahoma"
"811","R Winner F. Lucas (i)","78.3%","227,276",3,"oklahoma"
"812","D F. Robbins","21.7%","63,008",3,"oklahoma"
"813","R Winner T. Cole (i)","69.6%","203,942",4,"oklahoma"
"814","D C. Owen","26.1%","76,380",4,"oklahoma"
"815","L S. White","4.3%","12,548",4,"oklahoma"
"816","R Winner S. Russell (i)","57.1%","160,012",5,"oklahoma"
"817","D A. McAffrey","36.8%","103,122",5,"oklahoma"
"818","L Z. Knight","6.1%","17,084",5,"oklahoma"
"819","D Winner S. Bonamici (i)","59.6%","207,190",1,"oregon"
"820","R B. Heinrich","37.3%","129,495",1,"oregon"
"821","L K. Sheahan","3.1%","10,894",1,"oregon"
"822","R Winner G. Walden (i)","72.1%","267,179",2,"oregon"
"823","D J. Crary","27.9%","103,383",2,"oregon"
"824","D Winner E. Blumenauer (i)","72.6%","256,159",3,"oregon"
"825","O D. Walker","20.3%","71,758",3,"oregon"
"826","P D. Delk","7.1%","25,059",3,"oregon"
"827","D Winner P. DeFazio (i)","55.5%","216,442",4,"oregon"
"828","R A. Robinson","39.8%","155,271",4,"oregon"
"829","P M. Beilstein","3.0%","11,807",4,"oregon"
"830","L G. Guthrie","1.6%","6,349",4,"oregon"
"831","D Winner K. Schrader (i)","53.6%","178,405",5,"oregon"
"832","R C. Willis","43.2%","143,839",5,"oregon"
"833","P M. Sandnes","3.2%","10,583",5,"oregon"
"834","D Winner R. Brady (i)","82.2%","237,882",1,"pennsylvania"
"835","R D. Williams","17.8%","51,516",1,"pennsylvania"
"836","D Winner D. Evans","90.2%","310,770",2,"pennsylvania"
"837","R J. Jones","9.8%","33,911",2,"pennsylvania"
"838","R Winner M. Kelly (i)","Uncontested",NA,3,"pennsylvania"
"839","R Winner S. Perry (i)","66.1%","216,772",4,"pennsylvania"
"840","D J. Burkholder","33.9%","111,158",4,"pennsylvania"
"841","R Winner G. Thompson (i)","67.3%","200,627",5,"pennsylvania"
"842","D K. Strano Taylor","32.7%","97,686",5,"pennsylvania"
"843","R Winner R. Costello (i)","57.3%","203,671",6,"pennsylvania"
"844","D M. Parrish","42.7%","151,800",6,"pennsylvania"
"845","R Winner P. Meehan (i)","59.7%","219,314",7,"pennsylvania"
"846","D M. Balchunis","40.3%","147,808",7,"pennsylvania"
"847","R Winner B. Fitzpatrick","54.5%","206,607",8,"pennsylvania"
"848","D S. Santarsiero","45.5%","172,571",8,"pennsylvania"
"849","R Winner B. Shuster (i)","63.4%","183,798",9,"pennsylvania"
"850","D A. Halvorson","36.6%","105,958",9,"pennsylvania"
"851","R Winner T. Marino (i)","70.3%","208,106",10,"pennsylvania"
"852","D M. Molesevich","29.7%","87,956",10,"pennsylvania"
"853","R Winner L. Barletta (i)","63.7%","194,889",11,"pennsylvania"
"854","D M. Marsicano","36.3%","111,025",11,"pennsylvania"
"855","R Winner K. Rothfus (i)","61.9%","217,449",12,"pennsylvania"
"856","D E. McClelland","38.1%","133,607",12,"pennsylvania"
"857","D Winner B. Boyle (i)","Uncontested",NA,13,"pennsylvania"
"858","D Winner M. Doyle (i)","74.3%","252,709",14,"pennsylvania"
"859","R L. McAllister","25.7%","87,334",14,"pennsylvania"
"860","R Winner C. Dent (i)","58.4%","184,562",15,"pennsylvania"
"861","D R. Daugherty","38.0%","120,233",15,"pennsylvania"
"862","L P. Rizzo","3.6%","11,310",15,"pennsylvania"
"863","R Winner L. Smucker","53.9%","167,698",16,"pennsylvania"
"864","D C. Hartman","42.7%","132,969",16,"pennsylvania"
"865","L S. House","3.3%","10,408",16,"pennsylvania"
"866","D Winner M. Cartwright (i)","53.8%","155,766",17,"pennsylvania"
"867","R M. Connolly","46.2%","133,719",17,"pennsylvania"
"868","R Winner T. Murphy (i)","Uncontested",NA,18,"pennsylvania"
"869","D Winner D. Cicilline (i)","64.7%","129,272",1,"rhode-island"
"870","R R. Taub","35.3%","70,608",1,"rhode-island"
"871","D Winner J. Langevin (i)","58.2%","131,968",2,"rhode-island"
"872","R R. Reis","30.8%","69,918",2,"rhode-island"
"873","I J. Johnson","7.1%","16,116",2,"rhode-island"
"874","I S. Caiozzo","3.9%","8,867",2,"rhode-island"
"875","R Winner M. Sanford (i)","58.6%","186,735",1,"south-carolina"
"876","D D. Cherny","36.9%","117,487",1,"south-carolina"
"877","L M. Grier","3.6%","11,451",1,"south-carolina"
"878","O A. Travison","0.9%","2,730",1,"south-carolina"
"879","R Winner J. Wilson (i)","60.3%","183,766",2,"south-carolina"
"880","D A. Bjorn","35.9%","109,488",2,"south-carolina"
"881","O E. McCain","3.8%","11,436",2,"south-carolina"
"882","R Winner J. Duncan (i)","72.9%","196,793",3,"south-carolina"
"883","D H. Cleveland","27.1%","72,993",3,"south-carolina"
"884","R Winner T. Gowdy (i)","67.2%","197,235",4,"south-carolina"
"885","D C. Fedalei","31.1%","91,106",4,"south-carolina"
"886","C M. Chandler","1.7%","5,045",4,"south-carolina"
"887","R Winner M. Mulvaney (i)","59.1%","175,139",5,"south-carolina"
"888","D F. Person","38.8%","114,936",5,"south-carolina"
"889","O R. Barnes","2.1%","6,190",5,"south-carolina"
"890","D Winner J. Clyburn (i)","70.2%","179,351",6,"south-carolina"
"891","R L. Sterling","27.6%","70,636",6,"south-carolina"
"892","L R. Piotrowski","1.2%","3,135",6,"south-carolina"
"893","G P. Mallory","1.0%","2,518",6,"south-carolina"
"894","R Winner T. Rice (i)","60.7%","170,826",7,"south-carolina"
"895","D M. Hyman","39.3%","110,378",7,"south-carolina"
"896","R Winner K. Noem (i)","64.1%","237,141",1,"south-dakota"
"897","D P. Hawks","35.9%","132,792",1,"south-dakota"
"898","R Winner P. Roe (i)","78.4%","196,563",1,"tennessee"
"899","D A. Bohms","15.4%","38,513",1,"tennessee"
"900","I R. Franklin","6.2%","15,605",1,"tennessee"
"901","R Winner J. Duncan (i)","75.6%","212,313",2,"tennessee"
"902","D S. Starr","24.4%","68,373",2,"tennessee"
"903","R Winner C. Fleischmann (i)","66.4%","176,440",3,"tennessee"
"904","D M. Shekari","28.8%","76,664",3,"tennessee"
"905","I C. Mitchell","1.9%","5,069",3,"tennessee"
"906","I R. Tyler","1.9%","5,091",3,"tennessee"
"907","I T. Kersting","0.9%","2,489",3,"tennessee"
"908","R Winner S. DesJarlais (i)","65.0%","165,594",4,"tennessee"
"909","D S. Reynolds","35.0%","89,018",4,"tennessee"
"910","D Winner J. Cooper (i)","62.5%","170,729",5,"tennessee"
"911","R S. Snyder","37.5%","102,220",5,"tennessee"
"912","R Winner D. Black (i)","71.1%","202,038",6,"tennessee"
"913","D D. Kent","21.8%","61,940",6,"tennessee"
"914","I D. Ross","7.1%","20,241",6,"tennessee"
"915","R Winner M. Blackburn (i)","72.2%","199,057",7,"tennessee"
"916","D T. Chandler","23.5%","64,938",7,"tennessee"
"917","I L. Ladner","4.3%","11,810",7,"tennessee"
"918","R Winner D. Kustoff","68.8%","193,353",8,"tennessee"
"919","D R. Hobson","25.1%","70,426",8,"tennessee"
"920","I S. Godwin","2.3%","6,418",8,"tennessee"
"921","I J. Hart","1.4%","4,045",8,"tennessee"
"922","I A. Montague","0.9%","2,472",8,"tennessee"
"923","I M. Rawles","0.9%","2,432",8,"tennessee"
"924","I K. Talley-Lane","0.7%","1,970",8,"tennessee"
"925","D Winner S. Cohen (i)","78.8%","169,911",9,"tennessee"
"926","R W. Alberson","18.8%","40,580",9,"tennessee"
"927","I P. Cook","2.4%","5,165",9,"tennessee"
"928","R Winner L. Gohmert (i)","73.9%","192,066",1,"texas"
"929","D S. McKellar","24.1%","62,635",1,"texas"
"930","L P. Gray","1.9%","5,044",1,"texas"
"931","R Winner T. Poe (i)","60.6%","168,524",2,"texas"
"932","D P. Bryan","36.0%","100,077",2,"texas"
"933","L J. Veasaw","2.3%","6,418",2,"texas"
"934","G J. Darr","1.0%","2,872",2,"texas"
"935","R Winner S. Johnson (i)","61.3%","193,063",3,"texas"
"936","D A. Bell","34.5%","108,780",3,"texas"
"937","L S. Jameson","3.3%","10,408",3,"texas"
"938","G P. Blair","0.9%","2,893",3,"texas"
"939","R Winner J. Ratcliffe (i)","88.0%","215,705",4,"texas"
"940","L C. Wommack","12.0%","29,437",4,"texas"
"941","R Winner J. Hensarling (i)","80.6%","155,149",5,"texas"
"942","L K. Ashby","19.4%","37,311",5,"texas"
"943","R Winner J. Barton (i)","58.3%","159,213",6,"texas"
"944","D R. Woolridge","39.0%","106,510",6,"texas"
"945","G D. Smith","2.6%","7,172",6,"texas"
"946","R Winner J. Culberson (i)","56.2%","143,369",7,"texas"
"947","D J. Cargas","43.8%","111,774",7,"texas"
"948","R Winner K. Brady (i)","Uncontested",NA,8,"texas"
"949","D Winner A. Green (i)","80.6%","151,884",9,"texas"
"950","R J. Martin","19.4%","36,454",9,"texas"
"951","R Winner M. McCaul (i)","57.4%","178,926",10,"texas"
"952","D T. Cadien","38.4%","119,728",10,"texas"
"953","L B. Kelsey","4.2%","13,174",10,"texas"
"954","R Winner M. Conaway (i)","89.5%","201,476",11,"texas"
"955","L N. Landholt","10.5%","23,613",11,"texas"
"956","R Winner K. Granger (i)","69.4%","196,331",12,"texas"
"957","D B. Bradshaw","26.8%","75,938",12,"texas"
"958","L E. Colliver","3.7%","10,586",12,"texas"
"959","R Winner M. Thornberry (i)","90.0%","198,730",13,"texas"
"960","L C. DeWeese","6.7%","14,687",13,"texas"
"961","G R. Tomlinson","3.4%","7,437",13,"texas"
"962","R Winner R. Weber (i)","61.9%","160,340",14,"texas"
"963","D M. Cole","38.1%","98,815",14,"texas"
"964","D Winner V. Gonzalez","57.3%","101,592",15,"texas"
"965","R T. Westley","37.7%","66,732",15,"texas"
"966","G V. Tijerina","3.1%","5,439",15,"texas"
"967","L R. Leone","1.9%","3,435",15,"texas"
"968","D Winner B. O'Rourke (i)","85.8%","148,027",16,"texas"
"969","L J. Perez","9.9%","17,144",16,"texas"
"970","G M. Gourdoux","4.3%","7,413",16,"texas"
"971","R Winner B. Flores (i)","60.8%","149,157",17,"texas"
"972","D W. Matta","35.2%","86,352",17,"texas"
"973","L C. Patterson","3.9%","9,685",17,"texas"
"974","D Winner S. Jackson Lee (i)","73.5%","149,928",18,"texas"
"975","R L. Bartley","23.6%","48,248",18,"texas"
"976","G T. Kleven","2.9%","5,838",18,"texas"
"977","R Winner J. Arrington","86.7%","175,980",19,"texas"
"978","L T. Bonar","8.5%","17,339",19,"texas"
"979","G M. Lawson","4.8%","9,761",19,"texas"
"980","D Winner J. Castro (i)","79.7%","149,522",20,"texas"
"981","L J. Blunt","15.5%","29,023",20,"texas"
"982","G P. Pipkin","4.8%","8,969",20,"texas"
"983","R Winner L. Smith (i)","57.0%","202,523",21,"texas"
"984","D T. Wakely","36.4%","129,253",21,"texas"
"985","L M. Loewe","4.1%","14,698",21,"texas"
"986","G T. Diaz","2.4%","8,520",21,"texas"
"987","R Winner P. Olson (i)","59.5%","181,663",22,"texas"
"988","D M. Gibson","40.5%","123,462",22,"texas"
"989","R Winner W. Hurd (i)","48.5%","109,816",23,"texas"
"990","D P. Gallego","46.8%","106,049",23,"texas"
"991","L R. Corvalan","4.7%","10,717",23,"texas"
"992","R Winner K. Marchant (i)","56.2%","154,364",24,"texas"
"993","D J. McDowell","39.3%","107,845",24,"texas"
"994","L M. Kolls","3.1%","8,574",24,"texas"
"995","G K. McCormick","1.4%","3,742",24,"texas"
"996","R Winner R. Williams (i)","58.4%","180,579",25,"texas"
"997","D K. Thomas","37.7%","116,552",25,"texas"
"998","L L. Schneiderman","3.9%","12,092",25,"texas"
"999","R Winner M. Burgess (i)","66.3%","210,313",26,"texas"
"1000","D E. Mauck","29.6%","93,954",26,"texas"
"1001","L M. Boler","4.0%","12,734",26,"texas"
"1002","R Winner B. Farenthold (i)","61.7%","141,722",27,"texas"
"1003","D R. Barrera","38.3%","87,931",27,"texas"
"1004","D Winner H. Cuellar (i)","66.2%","121,980",28,"texas"
"1005","R Z. Hardin","31.3%","57,683",28,"texas"
"1006","G M. Cary","2.5%","4,607",28,"texas"
"1007","D Winner G. Green (i)","72.5%","95,508",29,"texas"
"1008","R J. Garza","24.0%","31,619",29,"texas"
"1009","L R. Perez","2.4%","3,229",29,"texas"
"1010","G J. Partsch-Galvan","1.1%","1,453",29,"texas"
"1011","D Winner E. Johnson (i)","77.9%","169,905",30,"texas"
"1012","R C. Lingerfelt","19.0%","41,365",30,"texas"
"1013","L J. Woods","2.2%","4,740",30,"texas"
"1014","G T. Prentice","0.9%","2,051",30,"texas"
"1015","R Winner J. Carter (i)","58.4%","165,678",31,"texas"
"1016","D M. Clark","36.5%","103,543",31,"texas"
"1017","L S. Ballard","5.2%","14,638",31,"texas"
"1018","R Winner P. Sessions (i)","71.1%","162,212",32,"texas"
"1019","L E. Rankin","19.0%","43,297",32,"texas"
"1020","G G. Stuard","9.9%","22,692",32,"texas"
"1021","D Winner M. Veasey (i)","73.7%","92,914",33,"texas"
"1022","R M. Mitchell","26.3%","33,156",33,"texas"
"1023","D Winner F. Vela (i)","62.7%","104,513",34,"texas"
"1024","R R. Gonzalez","37.3%","62,240",34,"texas"
"1025","D Winner L. Doggett (i)","63.1%","124,161",35,"texas"
"1026","R S. Narvaiz","31.6%","62,212",35,"texas"
"1027","L R. Smith","3.3%","6,484",35,"texas"
"1028","G S. Trimble","2.1%","4,064",35,"texas"
"1029","R Winner B. Babin (i)","88.7%","203,779",36,"texas"
"1030","G H. Ridley","11.3%","25,911",36,"texas"
"1031","R Winner R. Bishop (i)","65.4%","157,106",1,"utah"
"1032","D P. Clemens","27.2%","65,403",1,"utah"
"1033","L C. Bowden","5.7%","13,734",1,"utah"
"1034","U C. Fairbanks","1.7%","4,068",1,"utah"
"1035","R Winner C. Stewart (i)","61.5%","149,838",2,"utah"
"1036","D C. Albarran","34.1%","83,131",2,"utah"
"1037","C P. McCollaum","4.4%","10,724",2,"utah"
"1038","R Winner J. Chaffetz (i)","73.3%","186,743",3,"utah"
"1039","D S. Tryon","26.7%","68,104",3,"utah"
"1040","R Winner M. Love (i)","53.5%","123,459",4,"utah"
"1041","D D. Owens","41.7%","96,284",4,"utah"
"1042","C C. Simonsen","4.8%","10,959",4,"utah"
"1043","D Winner P. Welch (i)","90.0%","263,400",1,"vermont"
"1044","L E. Clawson","10.0%","29,326",1,"vermont"
"1045","R Winner R. Wittman (i)","60.9%","221,826",1,"virginia"
"1046","D M. Rowe","35.8%","130,320",1,"virginia"
"1047","I G. Parker","3.3%","12,150",1,"virginia"
"1048","R Winner S. Taylor","61.7%","172,586",2,"virginia"
"1049","D S. Brown","38.3%","106,979",2,"virginia"
"1050","D Winner R. Scott (i)","66.9%","199,748",3,"virginia"
"1051","R M. Williams","33.1%","99,047",3,"virginia"
"1052","D Winner D. McEachin","57.3%","191,939",4,"virginia"
"1053","R M. Wade","42.7%","143,261",4,"virginia"
"1054","R Winner T. Garrett","58.3%","206,577",5,"virginia"
"1055","D J. Dittmar","41.7%","147,656",5,"virginia"
"1056","R Winner R. Goodlatte (i)","66.7%","223,915",6,"virginia"
"1057","D K. Degner","33.3%","111,699",6,"virginia"
"1058","R Winner D. Brat (i)","57.9%","217,968",7,"virginia"
"1059","D E. Bedell","42.1%","158,692",7,"virginia"
"1060","D Winner D. Beyer (i)","68.6%","245,775",8,"virginia"
"1061","R C. Hernick","27.4%","98,123",8,"virginia"
"1062","I J. Gracia","4.1%","14,617",8,"virginia"
"1063","R Winner M. Griffith (i)","68.7%","212,666",9,"virginia"
"1064","D D. Kitts","28.4%","87,822",9,"virginia"
"1065","I J. Boyd","2.9%","9,098",9,"virginia"
"1066","R Winner B. Comstock (i)","52.9%","204,019",10,"virginia"
"1067","D L. Bennett","47.1%","181,977",10,"virginia"
"1068","D Winner G. Connolly (i)","Uncontested",NA,11,"virginia"
"1069","D Winner S. DelBene (i)","55.5%","179,521",1,"washington"
"1070","R R. Sutherland","44.5%","144,212",1,"washington"
"1071","D Winner R. Larsen (i)","64.0%","195,661",2,"washington"
"1072","R M. Hennemann","36.0%","109,838",2,"washington"
"1073","R Winner J. Herrera Beutler (i)","61.4%","183,375",3,"washington"
"1074","D J. Moeller","38.6%","115,277",3,"washington"
"1075","R Winner D. Newhouse (i)","57.4%","121,256",4,"washington"
"1076","R C. Didier","42.6%","90,091",4,"washington"
"1077","R Winner C. McMorris Rodgers (i)","59.5%","170,711",5,"washington"
"1078","D J. Pakootas","40.5%","116,110",5,"washington"
"1079","D Winner D. Kilmer (i)","61.7%","189,168",6,"washington"
"1080","R T. Bloom","38.3%","117,388",6,"washington"
"1081","D Winner P. Jayapal","56.1%","192,566",7,"washington"
"1082","D B. Walkinshaw","43.9%","150,803",7,"washington"
"1083","R Winner D. Reichert (i)","60.0%","174,729",8,"washington"
"1084","D T. Ventrella","40.0%","116,268",8,"washington"
"1085","D Winner A. Smith (i)","73.0%","186,787",9,"washington"
"1086","R D. Basler","27.0%","68,998",9,"washington"
"1087","D Winner D. Heck (i)","58.7%","159,208",10,"washington"
"1088","R J. Postma","41.3%","112,164",10,"washington"
"1089","R Winner D. McKinley (i)","69.0%","162,339",1,"west-virginia"
"1090","D M. Manypenny","31.0%","73,025",1,"west-virginia"
"1091","R Winner A. Mooney (i)","58.2%","140,153",2,"west-virginia"
"1092","D M. Hunt","41.8%","100,551",2,"west-virginia"
"1093","R Winner E. Jenkins (i)","67.9%","139,700",3,"west-virginia"
"1094","D M. Detch","24.0%","49,309",3,"west-virginia"
"1095","L Z. Lawhorn","8.2%","16,777",3,"west-virginia"
"1096","R Winner P. Ryan (i)","65.0%","230,063",1,"wisconsin"
"1097","D R. Solen","30.2%","106,857",1,"wisconsin"
"1098","I S. Zimmerman","2.7%","9,435",1,"wisconsin"
"1099","L J. Lebeck","2.1%","7,493",1,"wisconsin"
"1100","D Winner M. Pocan (i)","68.7%","275,016",2,"wisconsin"
"1101","R P. Theron","31.3%","125,033",2,"wisconsin"
"1102","D Winner R. Kind (i)","Uncontested",NA,3,"wisconsin"
"1103","D Winner G. Moore (i)","77.0%","220,389",4,"wisconsin"
"1104","I R. Raymond","11.7%","33,496",4,"wisconsin"
"1105","L A. Craig","11.3%","32,184",4,"wisconsin"
"1106","R Winner J. Sensenbrenner (i)","66.8%","260,703",5,"wisconsin"
"1107","D K. Penebaker","29.3%","114,469",5,"wisconsin"
"1108","L J. Arndt","3.9%","15,324",5,"wisconsin"
"1109","R Winner G. Grothman (i)","57.2%","203,920",6,"wisconsin"
"1110","D S. Lloyd","37.3%","132,908",6,"wisconsin"
"1111","I J. Dahlke","5.5%","19,690",6,"wisconsin"
"1112","R Winner S. Duffy (i)","61.8%","222,834",7,"wisconsin"
"1113","D M. Hoeft","38.2%","137,910",7,"wisconsin"
"1114","R Winner M. Gallagher","62.7%","227,732",8,"wisconsin"
"1115","D T. Nelson","37.3%","135,648",8,"wisconsin"
"1116","R Winner L. Cheney","62.2%","156,040",1,"wyoming"
"1117","D R. Greene","30.1%","75,419",1,"wyoming"
"1118","C D. Cummings","4.1%","10,381",1,"wyoming"
"1119","L L. Struempf","3.6%","9,028",1,"wyoming"
